{
 "observed": {
  "S1": 6,
  "S2": 5,
  "S3": 4,
  "S1p": 8,
  "S4": 0.37503745455705084,
  "S5": 7
 },
 "seed": 120,
 "M": 100000,
 "nulls": {
  "A": {
   "p": {
    "S1": 0.17367826321736782,
    "S2": 0.17854821451785483,
    "S3": 0.18930810691893082,
    "S1p": 0.2086679133208668,
    "S4": 0.07952920470795292,
    "S5": null
   },
   "p_binom_se": {
    "S1": 0.0011979738064881323,
    "S2": 0.0012110687412791269,
    "S3": 0.0012388323033151077,
    "S1p": 0.0012850121216205785,
    "S4": 0.0008555951747554064,
    "S5": null
   },
   "dist": {
    "S1": {
     "type": "counts",
     "table": {
      "1": 45,
      "2": 1935,
      "3": 13816,
      "4": 37758,
      "5": 29079,
      "6": 13490,
      "7": 3877
     }
    },
    "S2": {
     "type": "counts",
     "table": {
      "0": 54,
      "1": 2376,
      "2": 15739,
      "3": 33664,
      "4": 30313,
      "5": 12919,
      "6": 4197,
      "7": 738
     }
    },
    "S3": {
     "type": "counts",
     "table": {
      "0": 1685,
      "1": 19011,
      "2": 34093,
      "3": 26281,
      "4": 13094,
      "5": 4767,
      "6": 992,
      "7": 77
     }
    },
    "S1p": {
     "type": "counts",
     "table": {
      "1": 4,
      "2": 37,
      "3": 372,
      "4": 3942,
      "5": 8880,
      "6": 47199,
      "7": 18700,
      "8": 20866
     }
    },
    "S4": {
     "type": "quantiles",
     "q": {
      "0": 0.09974474837772568,
      "0.05": 0.29360338290708005,
      "0.25": 0.6903055130002635,
      "0.5": 0.9635202983887277,
      "0.75": 1.2033333081813338,
      "0.95": 1.5113250431683056,
      "1": 2.4601242922673374
     }
    },
    "S5": {
     "type": "counts",
     "table": {
      "4": 861,
      "5": 15923,
      "6": 52179,
      "7": 30595,
      "8": 442
     }
    }
   },
   "mean": {
    "S1": 4.49869,
    "S2": 3.51041,
    "S3": 2.48742,
    "S1p": 6.42384,
    "S4": 0.945411238901582,
    "S5": 6.13834
   },
   "sd": {
    "S1": 1.072491624163098,
    "S2": 1.1456315428181958,
    "S3": 1.1889077944062776,
    "S1p": 1.0624874843498155,
    "S4": 0.3729913186952417,
    "S5": 0.7058059537861663
   }
  },
  "B": {
   "p": {
    "S1": 0.14403855961440384,
    "S2": 0.15721842781572185,
    "S3": 0.14854851451485485,
    "S1p": 0.1979480205197948,
    "S4": 0.05756942430575694,
    "S5": null
   },
   "p_binom_se": {
    "S1": 0.00111036684459962,
    "S2": 0.00115108989123732,
    "S3": 0.0011246415133289577,
    "S1p": 0.0012600182605505752,
    "S4": 0.0007365811950549693,
    "S5": null
   },
   "dist": {
    "S1": {
     "type": "counts",
     "table": {
      "1": 77,
      "2": 3730,
      "3": 19875,
      "4": 35525,
      "5": 26390,
      "6": 11084,
      "7": 3319
     }
    },
    "S2": {
     "type": "counts",
     "table": {
      "0": 69,
      "1": 2766,
      "2": 17530,
      "3": 34207,
      "4": 29707,
      "5": 12481,
      "6": 2738,
      "7": 502
     }
    },
    "S3": {
     "type": "counts",
     "table": {
      "0": 2281,
      "1": 22985,
      "2": 36016,
      "3": 23864,
      "4": 10720,
      "5": 3363,
      "6": 703,
      "7": 68
     }
    },
    "S1p": {
     "type": "counts",
     "table": {
      "2": 29,
      "3": 306,
      "4": 4398,
      "5": 8528,
      "6": 48395,
      "7": 18550,
      "8": 19794
     }
    },
    "S4": {
     "type": "quantiles",
     "q": {
      "0": 0.11700020803609462,
      "0.05": 0.3454524866584191,
      "0.25": 0.7399635326770374,
      "0.5": 1.0140342593356824,
      "0.75": 1.2878733811100065,
      "0.95": 1.7306377208860968,
      "1": 2.4601242922673374
     }
    },
    "S5": {
     "type": "counts",
     "table": {
      "4": 1046,
      "5": 15614,
      "6": 50031,
      "7": 32350,
      "8": 959
     }
    }
   },
   "mean": {
    "S1": 4.30949,
    "S2": 3.41622,
    "S3": 2.30998,
    "S1p": 6.3978,
    "S4": 1.0175313852687424,
    "S5": 6.16562
   },
   "sd": {
    "S1": 1.124751501399309,
    "S2": 1.114433000049801,
    "S3": 1.1509093794039562,
    "S1p": 1.054701455389154,
    "S4": 0.4004903177341951,
    "S5": 0.7296643170664164
   }
  },
  "C": {
   "p": {
    "S1": 0.3156768432315677,
    "S2": 0.2645273547264527,
    "S3": 0.2001679983200168,
    "S1p": 0.4401255987440126,
    "S4": 0.07680923190768092,
    "S5": null
   },
   "p_binom_se": {
    "S1": 0.0014697788060756623,
    "S2": 0.0013948212549566277,
    "S3": 0.0012653093328059133,
    "S1p": 0.0015697613069324808,
    "S4": 0.0008420782255909068,
    "S5": null
   },
   "dist": {
    "S1": {
     "type": "counts",
     "table": {
      "0": 14,
      "1": 300,
      "2": 2416,
      "3": 13686,
      "4": 25019,
      "5": 26998,
      "6": 23901,
      "7": 7666
     }
    },
    "S2": {
     "type": "counts",
     "table": {
      "0": 473,
      "1": 4137,
      "2": 14970,
      "3": 28066,
      "4": 25902,
      "5": 17546,
      "6": 7706,
      "7": 1200
     }
    },
    "S3": {
     "type": "counts",
     "table": {
      "0": 3921,
      "1": 18873,
      "2": 31521,
      "3": 25669,
      "4": 13717,
      "5": 5156,
      "6": 1070,
      "7": 73
     }
    },
    "S1p": {
     "type": "counts",
     "table": {
      "1": 1,
      "2": 14,
      "3": 300,
      "4": 1705,
      "5": 7125,
      "6": 25998,
      "7": 20845,
      "8": 44012
     }
    },
    "S4": {
     "type": "quantiles",
     "q": {
      "0": 0.042327510370698,
      "0.05": 0.3263526457703427,
      "0.25": 0.5855023663543784,
      "0.5": 0.844990523549527,
      "0.75": 1.134670489476322,
      "0.95": 1.551861505854867,
      "1": 3.0132986832681317
     }
    },
    "S5": {
     "type": "counts",
     "table": {
      "4": 653,
      "5": 23791,
      "6": 55554,
      "7": 19242,
      "8": 760
     }
    }
   },
   "mean": {
    "S1": 4.78324,
    "S2": 3.64249,
    "S3": 2.46501,
    "S1p": 6.97373,
    "S4": 0.881308353317826,
    "S5": 5.95665
   },
   "sd": {
    "S1": 1.2510935626083286,
    "S2": 1.338415705190282,
    "S3": 1.260236366678886,
    "S1p": 1.0907428143700968,
    "S4": 0.3863249671544668,
    "S5": 0.6963984330108735
   }
  },
  "D": {
   "p": {
    "S1": 0.3263888888888889,
    "S2": 0.375,
    "S3": 0.3958333333333333,
    "S1p": 0.3229166666666667,
    "S4": 0.2152777777777778,
    "S5": null
   },
   "p_binom_se": {
    "S1": null,
    "S2": null,
    "S3": null,
    "S1p": null,
    "S4": null,
    "S5": null
   },
   "dist": {
    "S1": {
     "type": "counts",
     "table": {
      "2": 26,
      "3": 98,
      "4": 110,
      "5": 154,
      "6": 124,
      "7": 64
     }
    },
    "S2": {
     "type": "counts",
     "table": {
      "1": 36,
      "2": 84,
      "3": 108,
      "4": 132,
      "5": 96,
      "6": 120
     }
    },
    "S3": {
     "type": "counts",
     "table": {
      "0": 10,
      "1": 98,
      "2": 140,
      "3": 100,
      "4": 138,
      "5": 90
     }
    },
    "S1p": {
     "type": "counts",
     "table": {
      "3": 4,
      "4": 22,
      "5": 36,
      "6": 272,
      "7": 56,
      "8": 186
     }
    },
    "S4": {
     "type": "quantiles",
     "q": {
      "0": 0.20147624487392335,
      "0.05": 0.23730130357958917,
      "0.25": 0.4276923486820754,
      "0.5": 0.7181297932156208,
      "0.75": 1.1940354159923647,
      "0.95": 1.5611425819301972,
      "1": 1.8436721509079848
     }
    },
    "S5": {
     "type": "counts",
     "table": {
      "5": 174,
      "6": 300,
      "7": 102
     }
    }
   },
   "mean": {
    "S1": 4.770833333333333,
    "S2": 3.9166666666666665,
    "S3": 2.9166666666666665,
    "S1p": 6.583333333333333,
    "S4": 0.7986259234947535,
    "S5": 5.875
   },
   "sd": {
    "S1": 1.3729466992162838,
    "S2": 1.5252504348102605,
    "S3": 1.3919410907075054,
    "S1p": 1.1516895800904376,
    "S4": 0.4524840591121468,
    "S5": 0.6808389432653413
   }
  }
 }
}